﻿<?xml version="1.0" encoding="utf-8"?>
<manifest identifier="_5XisNzaIRuj" version="1.0" xmlns="http://www.imsproject.org/xsd/imscp_rootv1p1p2" xmlns:adlcp="http://www.adlnet.org/xsd/adlcp_rootv1p2" xmlns:xsi="http://www.w3.org/2001/XMLSchema-instance" xsi:schemaLocation="http://www.imsproject.org/xsd/imscp_rootv1p1p2 imscp_rootv1p1p2.xsd http://www.imsglobal.org/xsd/imsmd_rootv1p2p1 imsmd_rootv1p2p1.xsd http://www.adlnet.org/xsd/adlcp_rootv1p2 adlcp_rootv1p2.xsd">
  <metadata>
    <schema>ADL SCORM</schema>
    <schemaversion>1.2</schemaversion>
    <lom xmlns="http://www.imsglobal.org/xsd/imsmd_rootv1p2p1" xmlns:xsi="http://www.w3.org/2001/XMLSchema-instance" xsi:schemaLocation="http://www.imsglobal.org/xsd/imsmd_rootv1p2p1 imsmd_rootv1p2p1.xsd">
      <general>
        <title>
          <langstring xml:lang="x-none">Reto504</langstring>
        </title>
        <description>
          <langstring xml:lang="x-none">Lucero Campos © </langstring>
        </description>
      </general>
      <lifecycle>
        <version>
          <langstring xml:lang="x-none">1</langstring>
        </version>
        <status>
          <source>
            <langstring xml:lang="x-none">LOMv1.0</langstring>
          </source>
          <value>
            <langstring xml:lang="x-none">Final</langstring>
          </value>
        </status>
      </lifecycle>
      <metametadata>
        <metadatascheme>ADL SCORM 1.2</metadatascheme>
      </metametadata>
      <educational>
        <typicallearningtime>
          <datetime>PT0H0M0S</datetime>
        </typicallearningtime>
      </educational>
      <rights>
        <cost>
          <source>
            <langstring xml:lang="x-none">LOMv1.0</langstring>
          </source>
          <value>
            <langstring xml:lang="x-none">yes</langstring>
          </value>
        </cost>
        <copyrightandotherrestrictions>
          <source>
            <langstring xml:lang="x-none">LOMv1.0</langstring>
          </source>
          <value>
            <langstring xml:lang="x-none">yes</langstring>
          </value>
        </copyrightandotherrestrictions>
      </rights>
    </lom>
  </metadata>
  <organizations default="Reto504_ORG">
    <organization identifier="Reto504_ORG">
      <title>Reto504</title>
      <item identifier="Reto504_SCO" isvisible="true" identifierref="__5XisNzaIRuj_RES">
        <title>Reto504</title>
      </item>
    </organization>
  </organizations>
  <resources>
    <resource identifier="__5XisNzaIRuj_RES" type="webcontent" href="index_lms.html" adlcp:scormtype="sco">
      <file href="story_content/thumbnail.jpg" />
      <file href="mobile/61noapbo9IO.png" />
      <file href="story_content/video_66i3M9aJVnj_22_48_1280x720.mp4" />
      <file href="mobile/poster_6meHqeHDMhM_video_66i3M9aJVnj_22_48_1280x720.jpg" />
      <file href="story_content/5wTAjN5wWoH_44100_48_0.mp3" />
      <file href="story_content/5cmjNBg9UHW_44100_48_0.mp3" />
      <file href="story_content/6dA7k16YQgC_44100_48_0.mp3" />
      <file href="mobile/5k413zFVSMe.png" />
      <file href="story_content/67qiFL3qlNF_44100_48_0.mp3" />
      <file href="story_content/6OwmugSAKFs_44100_48_0.mp3" />
      <file href="story_content/6i39gOIwUxn_44100_48_0.mp3" />
      <file href="story_content/5qUOtewAdDD_44100_48_0.mp3" />
      <file href="mobile/poster_5emAjnJSxdn_video_66i3M9aJVnj_22_48_1280x720.jpg" />
      <file href="meta.xml" />
      <file href="story_content/triggers.js" />
      <file href="story_content/user.js" />
      <file href="html5/data/css/output.min.css" />
      <file href="html5/data/js/5iukLf3h27H.js" />
      <file href="html5/data/js/5nLRbkIQswj.js" />
      <file href="html5/data/js/5y89ZQXfrXY.js" />
      <file href="html5/data/js/662CrxrjXFs.js" />
      <file href="html5/data/js/67wr7aK0ttJ.js" />
      <file href="html5/data/js/data.js" />
      <file href="html5/data/js/frame.js" />
      <file href="html5/data/js/paths.js" />
      <file href="html5/lib/scripts/bootstrapper.min.js" />
      <file href="html5/lib/scripts/frame.desktop.min.js" />
      <file href="html5/lib/scripts/frame.mobile.min.js" />
      <file href="html5/lib/scripts/slides.min.js" />
      <file href="html5/lib/stylesheets/desktop.min.css" />
      <file href="html5/lib/stylesheets/mobile.min.css" />
      <file href="html5/lib/stylesheets/mobile-fonts/open-sans-bold.woff" />
      <file href="html5/lib/stylesheets/mobile-fonts/open-sans-light.woff" />
      <file href="html5/lib/stylesheets/mobile-fonts/open-sans-regular.woff" />
      <file href="analytics-frame.html" />
      <file href="story.html" />
      <file href="index_lms.html" />
      <file href="lms/AICCComm.html" />
      <file href="lms/blank.html" />
      <file href="lms/browsersniff.js" />
      <file href="lms/goodbye.html" />
      <file href="lms/scormdriver.js" />
    </resource>
  </resources>
</manifest>