﻿<?xml version="1.0" encoding="utf-8"?><meta xmlns:xsd="http://www.w3.org/2001/XMLSchema" xmlns:xsi="http://www.w3.org/2001/XMLSchema-instance"><project id="5YllghFAbtL" courseid="5XisNzaIRuj" thumburl="story_content/thumbnail.jpg" title="Reto504" datepublished="2025-09-07T04:10:17" version="1.0.0.0" flashdata="story_content/data.swf" html5data="mobile/data.json" mobiledata="mobile/data.gz" enabledownload="false" duration="Acerca de 2 minutos" totalaudio="131758" totalvideo="25450"><description>Lucero Campos © </description><keywords /><slidemeta moniker="diapositiva" monikerplural="diapositivas" viewslides="5" slidecountdescription="5 diapositivas" /><author name="Lu C.Y." email="" website="" /><application name="Articulate Storyline" version="3.100.34725.0" xmlversion="4.0" /></project></meta>